2240325302ede93a58de6b6d10265169,639.0
e32e6089804387e255bda4adf7f4e7f2,567.0
4282e3e0fc986196ab7250f6cf543c12,546.0
e6005a257fe29a96bfbf5e887eacb6c3,498.0
049f45a09add8317e861a79bdc33ff82,472.0
053c4d5b8717b60387f777efae437b40,464.0
bd9b0aa0827c1839817bf5bb224ac1e9,440.0
d62a6883e705ee1a47499082fca200d1,431.0
3bf129139d238c7f6c72d32676a24ea1,424.0
fb44345ddacf0b88c915751bf1a3dfb5,407.0
3f6f0c06671d2b365cedc9c047ba35c2,395.0
b32155376e52236acd2b32d3ded1965b,353.0
5e5bf0cd26d362e975a5243b96e5509e,351.0
49d14807554fa61ff52f11c396745d4e,318.0
c7fb23c9ba29912badefae2970028a20,296.0
0374d69a06fe46ad16ded615ae85090d,292.0
032314fa2006bb31893452a1be94735b,288.0
d57a000db65907534cf1c3c6a435b418,263.0
433c89fc087218b4d3bab5878a0987e2,250.0
921efc7055c62442ec07fd5a84321e22,243.0
3a6db5d976b227a9400a17e0b7943b49,237.0
3533983a2fa817a98066122911669965,211.0
f885f42528fc9261559b83c6c01d81d7,205.0
74211d8702e2d89e65d998c99fe8bf8e,202.0
302e31d9e7f602a960c2e01d06ee4599,198.0
bc3ee5f2881d4568b701367498f887a5,196.0
2652d85f3965bb718ce6f6dcb78a1066,192.0
db290df8767c213029c6420087f3e60c,189.0
404aa9cba9613e78a1a8ed83a6cfbbb4,188.0
438984e25cbabd9ccac052c063af39c7,184.0
8e47ccc9d427cd3bc821fe03ff53671e,181.0
e42b49ba5eadd730e67fb60dc84cb4d5,180.0
4f8e0b5ae4476814169f0e581ce8d733,178.0
4e036221560a9a9572c96f20de096a7d,172.0
64d7e5945b824befbd6f0149adf6dbd0,168.0
b0d4d3df2b6a730bcd79f70cdf1256b7,163.0
2435a3c475cd0e539e27426b8b2978be,159.0
06f968c53bb28ecf0179b3c0fa6ae141,157.0
1aa19f38f7ad4a635b66754b3bf987af,157.0
5ff18caa9b85639f786a4ca77d50498f,155.0
ffdd2ad7716209608a7102ba6b984aee,154.0
6fd8308126e83183eecd265e53eaca0f,153.0
d8bc21b9199699df63f7ab707d32f2b5,151.0
12dc3e90e2b6f9157e3617562d29e8c2,150.0
99e672804528dd79862a70cbdb2d7b7e,145.0
164be9721789e151f98722769531c88a,144.0
da6738fe38ea56043fe8f61c97be3624,143.0
972e3bf07711436648089a2fa1f18390,138.0
5d69afc0ee66a4c48b9bafb047edbb99,137.0
9ad1336f1cf969237ad01ec7437fe692,137.0
ac893137f52dadfe67d9b8933a15b501,132.0
521901b84de13226b2c7b817e69cb89c,128.0
5093641d54155c58a56d7c9a6613d14a,126.0
80c6cd90e1af38da9f57e2b1edee86f9,125.0
b382585d9eed7b4e833fb4ba0dde9fba,125.0
ba9ace0aeff160a61ef4fce76eeab2fb,124.0
7047a8e54b11648a6cbc01f3f9f3a623,124.0
c71d9082390d84ca394b1a80888aef52,123.0
f129f8bc94f2004412b4afb3dee27d72,119.0
0935507e60c431052b4b7fa7b0b92c51,118.0
5c4d6995fdaa692037830b97ac61f53c,114.0
db6d0334e8afbc8430a346296b7fa540,113.0
17fefcca69daa2cffcec883258bd3345,113.0
7a0c9065206736f919c761eb9df0ea0a,111.0
486f9dbed749e5f077507ef19ae48651,108.0
027f6edd33aaba2433e1a8601b15675e,107.0
8b4fcf44459e28579dff66b98c859ecf,106.0
38d6ae18016ccf7e566ef59b0e60ffc6,106.0
19669cc19d2608b606e564224dbcbc54,100.0
578639147e92d6ab08ee738ab1b3d951,98.0
c5977cb0b8553bb068c2d21e50ba7a59,98.0
3831a3fae84df75d6c0add8fade65783,97.0
769c012f98132eb9ee6e6b02db9f786f,97.0
92fa7e16cf68c95995c5b83762be9a5f,95.0
82f567fd1758dcd97bf3358e8e92ae8e,95.0
5f9feac12907aa6e7a2bba914eb4a336,93.0
99a458025618be646773bf964bc67766,93.0
d54294d8a4af37eef0f11dd414fb7f4b,92.0
b354b8126342d91d8719bc3beebfbe74,91.0
fa311a5319842254cef6409189d5bd88,91.0
9798f4e5c15932b6ab25d5a7de15db7a,91.0
8ebb1b51871735e475127560b7e41581,88.0
737a8e5abd6e5518bedd33ec5724bd0e,87.0
2594fcf48955bec7b61a5ce4aefa3868,86.0
4c551de4240b92f8b28eed348604349c,84.0
996262128378b04cb2bbd0ad2c90490f,83.0
67f820814e1af7d979eb41cf4ff3e6ed,78.0
82a2113c8396e47846beb501bdd7dd68,78.0
fa2722c3b5352c7d377439dc9fa07696,78.0
a8491caa35615af28e2bab4570c9cb79,77.0
f3dc4a26ad288b6c41ff4345aeb64806,76.0
678202f984e8ae3d8ba5e138a593682e,75.0
8c4edaff427371a3df0023a5c31ccc75,73.0
395a44af5be08561165014d1308e8f5b,72.0
b448b181584851c68f67a0b7ce8e7c40,71.0
6846067fccf46578f5367f11fb7bc17c,71.0
f2acd642074abce065e4690a83400096,70.0
8b8d9fef635980603aabea9150368c3c,70.0
0f6c72b5b0e1ef89e2252b7fb7905701,69.0
fc654ed08d71dffaa7843be337ff4d4c,69.0
3158565105b3e8d9c80e4013c79356f2,67.0
646c3a9d2a178c07eb446914d4078c50,67.0
ccbda6f75fcae416ddb46c1620bbf5e4,67.0
52ca6348b43eee8d0903d1978d04aecd,66.0
41e41d5b4bf6cab96247d38f7ed4f0ce,66.0
c02b9635cf94901e06e068551f4c5ca2,66.0
a2721a955fb1041b0ca4d37468f61766,66.0
331adc3a2e1a2029db5229cd9fa09ade,65.0
978fde5b0458c6bca6a9b1e6ae61ed49,65.0
c955cf9abd87f132bde746cf6af1ad87,65.0
0fa3cd6c7241ec9da8838e85d97561c1,64.0
aeaa4445d45ed216d28e002475f6f2f9,64.0
04211c42b50c6e17e0b5a3fec20702fb,64.0
470288c9eda9276535a562790c867859,63.0
e8e494fd47ec073427f79af28ed4d3b4,63.0
55814f4cc1768fdb9c11d9afbe68b530,62.0
08c283c42042da88a2310db037f75fe1,61.0
3a1a049c54786119dded78686a3335c7,61.0
5f2cea7fc377894ab98767c5720d0df8,61.0
42bd162c04f159abdcce711bef3a2456,61.0
78ffa4458cb19f56f9526f1773d3807e,60.0
cdbbad16a108616dfa91ea98375233c0,60.0
00fc46cb6c89182ea20de81e39321e4a,60.0
6faabcb1148d404c8d762e73342ecf52,59.0
ecff1915dd7be6e78cdd893f104fea1c,58.0
8db9a7fd792f44125f4c35134fff3df9,58.0
a025e4e295007d3b0a91aef07c5b2d95,58.0
7c6f88f37abaef6eaf30bede23e7ce86,57.0
d8ed1ea558d3570bc8da903a70794b0a,57.0
80a08d6a20e734067a3fa8b591d53080,56.0
01db234ca3a500d35b854169c717e378,56.0
ee5a763f9624409d5cd37ef3bc161fa6,55.0
1b4af5aea640f6e8323b08bdf32413e4,55.0
87b69a4a98412e7f0666adfaa74a140c,55.0
212ce59626d5cb9bb614556965d4de49,54.0
8997ddb61b4fe7b82130a9a8c3407371,54.0
526c6ba8df146e4f3c36c5aba67fe4a8,54.0
2e2d1df2a976eab8b79d5f40cf5c9514,54.0
2b6b7b4a61e509c30d80d96232821bc6,53.0
3ea6876c57316a2537d6714201e1cdc8,53.0
4d6b7aff814f7dc614c461cfd7113a65,52.0
c5e2524f07072be9b0916f614b6d70e5,52.0
63cd628b8ebece54955331bc8d3b90e1,51.0
7625d9ecbc8184bc274465f2ac58bf4a,51.0
406246287ba4f877e304884806a186a4,51.0
b0538eaee56e13b4fd5fdb943ac59ee4,51.0
b7ab7005c74e7063b4a88498e86b9d87,51.0
6ff982e1d84f8893f1dc0da4afa93100,50.0
15103f45f1a4ec043a14a7da7f0b026d,49.0
8a54463a0b91592ff72699289d8bc51f,49.0
abf70abb9f2e6b331844ac204d880b52,49.0
ed53afde40ff3fbeee277ffb5233a508,49.0
03c550eccf2dff4834739fa111e7946a,49.0
128ce5535605878df96fab551725bf0d,49.0
be6366875eed450d89fc9a8dec21dd95,48.0
145f23999651bdd747f30818bf6993e7,48.0
5b348dc71ce4480476a4b3e91408e72e,48.0
07144affd03be334d4a5efd659371435,47.0
43f1d62fbdc8f1a5876e6c23ad84db40,47.0
a0cd4342546424e3657ccfa394aefe65,47.0
c776f7772374351acc90c93fff1115f8,47.0
08a74763d8b1e1ebefe23525140b7aad,47.0
118af1c93cf0cedb26562a61f265786a,47.0
9f211f3fbac465adc5acf0ccdf338a65,46.0
00b60b619321a8ecd36b4493bfe37e99,46.0
f8f2b9ac55712c98b37ddf3c26e1e0dc,46.0
abc2a3744dd2072f3539da4d44c6aab3,45.0
0d1951cfe44934a0f4a9e42a3de45081,45.0
58f64c8e0965ef6aa5a05e44ea0a9b3c,45.0
8d55c2226fea4c347a319e650db0f7b4,45.0
56bba3a9289f59d34e8565c331a71053,45.0
89cb0ee553b85e6ca62b087a04b314a8,44.0
32e47013013e12885b86aa70adba9ed6,44.0
8fc433c544bdf2794ff9dfe0beb23643,44.0
c33c4c5101cf9f0277efdd3576386dd3,44.0
b51f2bcb9f8a65fc761e31b4ae7fa8d1,44.0
a9593cdab284698b94881c4032e5d2ed,44.0
935490cd4189644a6c2a4372fd473db1,44.0
a7a73be56db715295807761c50a81da3,43.0
3ec2ac122dd1d8bf5d484095c8a27c35,43.0
58278a3a04cf4ccce90ee0518d5cd4f7,43.0
d1b0c961bbea9999dbd79bfa3fe17c24,43.0
e3c1b3055b6cc4973c431bb689b43c1d,43.0
201dfc97d5aaeec7e9392a98fbdc1d1b,43.0
316a4be7a8d86c22d48f8727bf7c755b,43.0
dfb62ba15ca98ee4464ec61f2ff53128,43.0
f35b7ffebd44949487803704d2a7e1fa,43.0
37e21daf6533ea30fd5f16ac8db550f2,42.0
37167785f1e1b5d1daf45d0cce635c40,42.0
e6cbe6c800a6b927051af148bbd4e35b,42.0
936c2988e206090455d43550ec272039,42.0
bd1f505dbe7ef2a0527004f0fac76617,42.0
5698b39dd72f7ccdef3a9bfd0ce5ec87,42.0
c37237e223c7f1b94a68a1ec0dcb8957,42.0
c8da1337e0e5f8e4158385805cce4f06,42.0
664af5bf7aa2280974380c2eb3e1ac4b,42.0
3f2b9d3678c3fce5089e549ac0336e7a,41.0
4c0577b72be3e7a690793ad457247957,41.0
c699ae9f58a38271291b34a9e35eb774,41.0
c11902e9427eb3b2e175fc3d92a7af86,41.0
e3e252783984135aaa33b792bfc8ad20,41.0
97e5ce05ba82908a3222b27e2e9b8dc5,40.0
1c30d0f1d8cc0076d367b67419f9b014,40.0
f35765880c9233e303e24b8887c847f0,40.0
5cf8955bf0f47ac008eb4c64872fc008,39.0
c8ffea05b1aeb2acd6c30a90ddfc911b,39.0
59faf58f9736b6e9dfa20a1cc789c138,39.0
b884f14d33de7fd2ba67fbc8ab621ed2,39.0
b5a2b6177cd7430cdf2045bc6d77f762,38.0
53e31bb84e729c151dd11e635373d62f,38.0
741eec24ec1829dba8c89b9e7e2caef2,38.0
db2f88120553cfbe69713452175bbefc,38.0
5463033f8f2296171fc8dc16cd6cf3d4,38.0
bb160c7460638b669933a2270364811b,38.0
7844e6138b9fd0d27df24b87c84f681b,38.0
a6162fff3be7d1caa77e575bc2d58989,38.0
b11ace8e07bc9f8dc83b1e77173945a9,37.0
ace5d8644632ac77f5d1193fec05b226,37.0
0e358807dd0800e6d393013bd3456850,37.0
7ed6e815c3e5a0322c6802405ececf72,37.0
aba235db6bfa7d0883c358130b25b29b,37.0
9cc84ef79cb4bbe9417ba6e7da1ee04d,37.0
454f5e4b84d7730383b156909df3d57c,36.0
2678b2a76d75cc38a04752618e28f127,36.0
6fb3ea7e80a666eaafd6ef5e1a5f6197,36.0
0f1d277217cf33c4f5333f83037b6cf1,36.0
b0c178669dd03ed4ce64225c961b1347,36.0
45655a3983d806e4cb4c980ef5a43442,36.0
266b488a1ea5885fca27c0f97f805965,36.0
60faa65ff65956ff48e7affc06fca785,36.0
acd8bb4221674c433514a916364fe566,36.0
6af5c3e8fbc249754f7423db53cc84aa,36.0
b36648dc27674f112184975aaad6fbfa,36.0
6b888d0c0ec7a3fdf510b55ade7af419,35.0
66d70fc49e7df70fb4b7d1c0576e1d86,35.0
fa0050f1111b875c2778945ecceec1cf,35.0
16b88a7e57fc92500b6cb578203f358c,35.0
55779e993ced92ffae9b29435c326383,35.0
386af68a834f28a8648d6a4cc1db19d0,35.0
89753600f91594808999efa1b13fcf81,34.0
170f92a0b6652032a5968af53384aa66,34.0
e58a65595f482e1b8f21d9123f20482f,34.0
c05eeacc77c5fa59eb8e2ce6116d1d09,34.0
9ec132caa2f8eccb2af460f02cbfdead,34.0
5425b12e26e2f4de18370162a6251072,34.0
fc0436f77010fe4b5831960599be8a69,34.0
5ae8dc25cf7a56754cd6441f688a9aab,34.0
f9ac6716ce6f815663216a453782b5ed,34.0
106e83460f83ba62db58ac64e42a8437,34.0
5fa8b4d0cefc0695d0c43e6cb1aac89c,34.0
9a02d339543d7491d51f1f9a28b6613a,34.0
49f21df8be41b207bd472fea99ede8af,34.0
2611a5a086762b939e7c503805b1f0f4,34.0
a2d026c26fcc05967f4f4e9ccd408f86,33.0
7a0a691a08123d1acd74438d8cb64577,33.0
0642a21f7fc7a600ec894301f9dcca81,33.0
dfc0b78c512f61398b2d83ec8e090bea,33.0
2df8887877a041868003700c014c7ac1,33.0
de3ca74cab514999204939ae8d8a752f,33.0
b5faf3b07c8d61c54bd0cf6b9c98d119,32.0
e158405c986eb115d323d41f2aaa5fa7,32.0
b32c2194fafc89306000fb519d2c8c8a,32.0
89e00ca4fbf88379a98d3996b4656c87,32.0
8bd95757681d83157da8ae5e99175a80,32.0
9527e280740b3211310018aab5384df6,32.0
55b0a204c9850febd9a68d756fa2ab7d,32.0
c3e274ae71426d27c36fd721a98f137e,32.0
3b39added3c2d574e13a6ca6073108be,31.0
a54925ab531de5201dc7abcdb2982f01,31.0
0ea441d068f6e2b1185f4c0c2a1b4b08,31.0
a167f524e417d8fdc8ea23076d77ff94,31.0
1faac41f0f34f70e40d0f9e976d8839e,31.0
ebdbd076a7c728581759fafefe5a152d,31.0
860499807707cd1e37623fbccb4c5eff,31.0
acde78a71fe469f2e17b4bd430971704,31.0
385bb3a7376fdcd1f5fc7d5978ac3493,31.0
87173278d34a2a2e6863f21841577934,31.0
80e0be78d41eca6752ba4c37aeffa223,30.0
c4ea14794ae4f64d3886b4f1f4066dfe,30.0
e07b9b4a94fe801f16b1749f9432432b,30.0
a65bbbf9932d960d0613efd0c04bc000,30.0
7395ac68f85d86c8fd0c98299c887cb3,30.0
1442166d6690f4f9291f9e8de0fe749b,30.0
d6277eb9f6a8ff0039731e16bec01c4a,30.0
4903d7d2b0903bbc4b916a5018f60e1b,30.0
8ed2197218940b4f19a0294b3aa69425,30.0
e0ff05f382118063d706f7d4a583684f,30.0
776fcf85dfd83dad10eec75b9d76cd89,29.0
53a22b970d4495b1f4750db354962f93,29.0
37bb78fc8956895f499a62461f3ebd25,29.0
3fd7d792c8b6f3065623bca21b634a49,29.0
1fda1af827f66045681b30ed28889434,29.0
b9c1c2731b631e12c0a91fd82bc8cee7,29.0
b1efa11547f78211ea5477a3cbe1ee22,29.0
57980d983da243568b510d8e714eaf10,29.0
6bc6cf4e5995738300a257b7a82bb4e4,29.0
6a33c3f080b19121b14598cd74198bd1,29.0
e774fdb98216f9797e8fea335ded31b1,29.0
875f41b75b8cdb222198bf6b98db5390,28.0
5e90497f443391c53a6641e50ed6a8f7,28.0
3a611bbb03d711f862364e2cbbb31e51,28.0
6b3b1e7e97027802a71b7845741a8b02,28.0
4ea0d876ec0cd0f9e7653c1c313e70b8,28.0
856944b1e5efcb18f4b39df932fdfb0c,28.0
6e9f4c6d56290fe8ba1e166d0a9653aa,28.0
05ebe9d5c7fb6d6909bbea9c9f6a2d79,28.0
944a2b96a641bafffbe4bbae01ee398c,28.0
c6ffa246b76f24a250e338b9a568df0d,28.0
4c9af7ec478e57dfe22889d7b3750f15,28.0
b56c9de2c886dc782685f55ba65dc264,28.0
20698a638ffd09275bd0218509b00efa,28.0
263f347ff680bd4318c178b828581e46,28.0
66c9c108026b04837a2b173aacd1cd0d,28.0
93ac5d2dcbb3b42564940fb45e0ae293,28.0
1c1744a5ffb8ef6fe1aea87a7a5b14e5,28.0
b41bbc19755bcc7a00d3bfd4bb2276af,28.0
6b1aebf49bb00dcc36af26b7d0514a48,27.0
90a6dbc5b0be3877e25f5ccf079615ce,27.0
e40d8ce6cdd5b78aee3dc2d0876063bb,27.0
4ec192db983f7d220f3035db478d7048,27.0
848fb966abb500303848f50d3a2341ed,27.0
3c2af48ff8561e989bf2646748ca7ca1,27.0
cf0bd2069f4a5e009ff1b81b98d1f8c9,27.0
4af193cd236c46c59e5e495702d2ee00,27.0
74faa3e42d800ac9c330b6f3b7153ecf,27.0
fc5059ec708c0633796320ca7d2c240b,27.0
8f4f63bd75f334a1cc961b0f4e1c0abe,27.0
813d9beaeb0c33967f87ec5b23421d12,27.0
5afff318f372a232f21831bda34d8dde,27.0
0ceea5e52cad97a12c3a98d094754cd1,27.0
3dd8292bf0f0a1228b2c93bc6c8e44c2,26.0
201bd40d9c1714a8da5398c23d70014a,26.0
ed931ab1dd0c4ba86f5a8cbca48edd44,26.0
9e17ee196e816bfd425cdf1f5bedff84,26.0
7e5d95f04e5c3a868141542098bd48a8,26.0
0f31d3cbd72ac5cf67da0625961ffb07,26.0
71e579a8093d0fda6edd1fc63eafc0f0,26.0
047377e3bc8786ae6f7b5f2c88e379d2,26.0
761d7ee1ff0c5082a930bd1b5a136eeb,26.0
3c253801a9cddc755fb8591e560a6d80,26.0
c996bee4a99baa775f2a6c179216f7a5,26.0
7b49151315b79e6dc9b3ba9c20b9ce88,26.0
cf38554201963d1de16b936c3423b3be,26.0
79a941a3fb56b3a3668a436a26a79ce2,26.0
79615fe256b3e5fc260156e6faefcbdf,26.0
91878c4c5174d205c660f155f801ac8e,26.0
8e34bf385437b1284abd71d0932521aa,26.0
89823678aeedd73f91bc14e95779c8c6,25.0
70d9c4056c8b23855e47a4944760edd5,25.0
dcc209f927b069528e24671da60d3f9a,25.0
e7dcd1fa17a9549911b813303f2c7df0,25.0
e920e7891411914bf9b02d59ee87e15f,25.0
0942e61b6650692e7ce54711179d3ce2,25.0
e061bd455f4b5430f03fd3122aafc90f,25.0
6971828d5fba5d1f886aa83554aab3e4,25.0
7792ef6a3c47a6556769d6b6b9229f03,25.0
2561f3f4e3f0b365bf4be0fb28bfb8ad,25.0
63fedd6324baf5d24f6ce1b914275f4d,25.0
fcdaad838fd0b4381bdc038d15deb924,25.0
a47fcd3e88e5339038c1822c95fe8d4b,25.0
38b6f9d1e52a9fff14876dcc06233f62,25.0
7da3494d4b467570bdcd2bc0de3e849d,25.0
4198cb4ef1998c11ddcc94e7a6e20f76,25.0
3674307a43dc89ba6a8336af52d9873d,25.0
db222d52c4d65d495758f2c7cf8d50a2,24.0
c8b8058d7eb355d1befdf4ca4983ebda,24.0
b03ac5847a42df8bd634526ae6197f0c,24.0
b1fe884adb4ce1917ac3b5e2c7596871,24.0
7a3b82745d516fe3d10dbfb38909b3e0,24.0
7930c5463983fd4706da995cb332105c,24.0
bf631236248ce9669eff98dfa32260c0,24.0
38a48fa66fd29cb1f2d3076f25531371,24.0
ecfad518e3768bd2b580bd2f7466d846,24.0
948960d397140a45939f440925e2e29b,24.0
e3b9a2bf11d5e4aad793803931958aa1,24.0
27a25966fc62060534764afa55d5ee67,24.0
3b845d659a5f36ca68779af17eecb26f,24.0
b8b61eb70acb9be1e2dce7f8328e1cb7,24.0
2ee93a10bdd72f7e8c655506c53596eb,24.0
58c6177cb765c2c6bb57a3a201a6c7fd,23.0
46b32f1d5d76f5c295b8921cd5530900,23.0
b109b01c40e8a3326ceb3ec0f27dca4b,23.0
d94fcc7cb6c79b3c34b7e42545e86844,23.0
daa88d4d2990b57b95ecc462cdc50259,23.0
d69045a44e85efd66747020ab3559678,23.0
888cfc85fe80acd5c678e593875f5390,23.0
4dc75b0f41859fad8071ddeade649edf,23.0
5f5dbc867672d77267025294f173c77d,23.0
f001aa925ad643693a7767cfa36cd499,23.0
2563f2f0a7329cb3c612d060ed9245cd,23.0
7f5ff85b4a410841a06cadacb36dc5ca,23.0
fa6633f5f20a85cd33968c0d88932ce5,23.0
31bcf503789c7ee75f79cb7e0e29ed05,23.0
5c6743b013f11c73cb0e784d6496b277,22.0
57b8babfb911f4dfd333b78e659abc9b,22.0
6d800efbe79a329701b87e9648f65166,22.0
8d168ac139f24fb4a0a92702ecbf646a,22.0
e66860dbaac1010e5b69f9780d84b3b2,22.0
22a374bf4991da0c960fdfe09857b570,22.0
a3fea4a7cedfd8477d8d3a2c68ded47e,22.0
2ebf1c8624fb3856a4e26f080d0da51f,22.0
3ea192076954227fd6b54b0f42c61a00,22.0
0e0be946c940932157a70a6114871058,22.0
5ff8b7a9fef805af35e0d6a5daa2b791,22.0
a145050415a51dcdf0216477cee9d77e,22.0
9cfcfbf30a08455f187c2f97cf0ba402,22.0
db2ff6a7802ba8f7f45f92fcd64ac0a8,22.0
4efc890f95675b3d2728a2035e69a1b3,22.0
31faef946877efac698030e676b9dccb,22.0
dcde024e601da71493836a89efc4dfcc,22.0
6f8f2ab235c138e051da15b362f5cdd5,21.0
997ea7e1538533d2f0fab0e7f3fcb304,21.0
7cfa06268e0ea9107584e9efb0169e71,21.0
68be238165768ef095021d2538979356,21.0
43812c789426a8e7bf552e2656934219,21.0
ff20c284a40970534b82630800cda84b,21.0
f1e1f96245d301b93891abd212849044,21.0
29055b7bd659c6403cbbc94e9a49f1fc,21.0
89872a4bb57cf67deb71bc9a93a0db6f,21.0
3c1db6e8e37fa2cc03dcde7ff9a8282d,21.0
69be5affa87404f96b5f7d0049a7786e,21.0
8f4c336976cce43612d6f6f2380cdec1,21.0
9efd7fe5d2874800042e37df7a417b85,21.0
d0feace96c89c534f0e1cc52a32323c4,21.0
37725c4d2d69e9d8d2d2e7f64ea833b2,21.0
ea39b2fb7159d8980e11aabfc89cc891,21.0
f155ccd685d3e60a2f6350ee24f42368,21.0
147aec73211adea53fcd9ed3b1116a48,21.0
c528d731d9b3e92470fa6bed903b0b46,21.0
956f4c4edacf590c1ab6cb26712d71f3,21.0
773dbc9061bd3e2d41ae308bd8b968f4,20.0
bc6e5852676234a6e7db90f09741a460,20.0
6a134fcae52888fd3168c07bd775d988,20.0
8befc913c6803d74e9d9c721a7be294c,20.0
347a4930823ef67c12eb27aa40c76fe9,20.0
5c50aaefe7b515632769890c32355060,20.0
a1d63da0d988a9185e305c2a6fc7291e,20.0
b3dde67dbf2b2c5c321a74dedd453488,20.0
873e84ff74d4a428eefaba8b7f94a099,20.0
1caac84eb81e100d6776193ea6826dff,20.0
4b2adf96b6002954b985fec4903c0b6b,20.0
72e8fad7b5c9c39d18935362fd9ec06d,20.0
39c15a3eeaba4a1759888abc88361fc8,20.0
51999eccdcdaa3dd4fec59a664c6b585,20.0
bcd96c9d127f330b1f50a5a0eaa9c059,20.0
c87c5f2c8a025a374253a4d5088ca12c,20.0
ee379eaf085595ffb382a038b801ec9e,19.0
2fb1b8eacfc214b4ad70ad0e9d617d20,19.0
706c1a86593d17785607e0e3b60990a2,19.0
968a93dc423577b200c035bcd15d8e54,19.0
37355a5548b6deba711edf4df428ff3b,19.0
92c129361e2689590872f056c146cdde,19.0
8797b96c33b9bb1e234324adb82f83fb,19.0
86a2c0c948fa354160ffa7bb45d7b9b5,19.0
ad100544090990d8a239c4308a1f5922,19.0
b566a64b12d650cf6a6d240cef476b80,19.0
0608e70a491ce4dfaffc0ad354e271db,19.0
3ca01d8e7b532fb10a30c98b63535b8d,19.0
8dae5eb0bf6baf20605dc76eac71734a,19.0
5c86931653a903004e09b56ffcd8d3a9,19.0
5a77ebb50d5c5e68bd6d1405430a4358,19.0
bb056f2f8001eb488de725f4bb813a85,19.0
2ade038cfb55e643f1fb62b4826c1925,19.0
1a0153c013134001dc1c9c331f156339,19.0
e7b8c6d3178493e71e27a15bcfdeb55b,19.0
c6f468b4de96e04881545f86a6fbf795,19.0
0b9c6ad1b26889084b4a2f7eaced04e1,19.0
f94e80dfac3482ca3b17a5072059fee9,19.0
28483b4b832272b120a2994c51d40d8e,19.0
17f02c360bfa66dc7dc703dc5626cfd8,19.0
1386bbb48f7009edf19a599948914ef2,19.0
aab642897e2bca1a9aa23a7b2538081b,19.0
aa37c3f2de07f9e30ce2c855acb24f97,19.0
d3b8ee53b87e780a2547eb18ae8f0b78,19.0
52fdf56b3602daa0a2bc35144598bad9,18.0
f1397e90cb8e37a05b00a401219da583,18.0
3f6f4d4343170a13d334b90e194c090f,18.0
cc0a9a4348552f2d292e88f439146f2c,18.0
25f6eb897404f681d7f3cddcb80d142e,18.0
22198f1f1f9f4f189bc841f212dcec81,18.0
f950b744ab02d56bf50f55ee0d46ded9,18.0
321d9b5046d821a74f5cf32d19bddfb2,18.0
458428e179b77ac8ba261dbb9461b448,18.0
738baa06c0db6404c31c53740e35aa70,18.0
94ea7dd44df41035ebbd1f240441b68d,18.0
5efde7122afdde204b5a9dce751040b6,18.0
162958f98fa9e035df3c7c61482e5151,18.0
546b48720b4a1d84735848c492913a26,18.0
a1ca15162345681b3c7c1ecb21731dde,18.0
2fed0e2feea53f26d1893daab87200c7,18.0
62e89d3bf6150266dc08ab049e48fc58,18.0
f81713e9b42e345d9c6eb9bc007cab53,18.0
dde035cfa5159a574aa280cc5cfa08cf,18.0
c61a08e2cccdc1b35fdc5ac978804f80,17.0
88c52877c293ccaeab30d820982f9848,17.0
ea76a95d5d1c0e18f2bf346e140a1e21,17.0
e9f3c879a382602f5f2aea100d7a7263,17.0
8802495524d9d92c16be78bd4078dd28,17.0
9592695173758b531ada416a71664a50,17.0
83c6276aa0a93d001639dd58c55cdd72,17.0
780eea3bd01bfcab987066c1b5c6a5e3,17.0
ec204841841f95c8d97625ea9a88b43d,17.0
d618b011fc1e5f3f5e53d3c1005d8bde,17.0
e6084bdc601fba2f8f9171349949e496,17.0
4639f9690ab210f7383c5e9be6b11c5d,17.0
767b9e2140026d087fcce37dd17ffab0,17.0
2d945146d82faa467bef739b2046a5ab,17.0
88c6ce13140c984951b046487ce963b2,17.0
33dcecace1b10a70473942d036e5233f,17.0
bc465ef21b279e188c435124988cfaf9,17.0
003f64b64c55659a59561c6ee19cad85,17.0
f4ee3d10b008db0a918abfcf55333059,17.0
9f2ffc7c13f08931a6cc5e15537c8b19,17.0
4fa2d1db07db45f2416d3fdfc92e8b80,17.0
d5fd38f6614ea36a88ec72aa0f591d4e,17.0
3818f79a55fcd1d90f65192c677d78e1,17.0
18d58a6bd74b362c95256615f82fd9ff,17.0
17561986b98b705eb768cd5a70a9fe35,17.0
02f1b9ad05020779e390d5c7a177a949,17.0
699fd502d9cf7f124f22e29f15bbb6f7,17.0
f428f38549c63ecc2911f2eecf620d8d,17.0
12caf55564800415b4e50e34c2136ebc,17.0
42abff488695e75c9eed644928582b1a,16.0
0caa0b79830745bdad6582b3078314a9,16.0
8d9a616170728d64c91d535e684f35d2,16.0
2a505cf13785ff10278eb13bc314992f,16.0
3de2bc28b869e75d3b57c2f10cf5d5fb,16.0
5b5bea691503da6243bd01a65a01de80,16.0
466c981a5927d69392aeae06ecf8a01a,16.0
bd79a562b7f276db717408aee16dc1e3,16.0
4a33705ced7bc67ebe09637d840c0afc,16.0
2f35023d6b57a18b17485adf72c3c6a4,16.0
73aa01a8fc51e86045014ad8a674fafd,16.0
ed456e3d9a3efdcba32f101af1173f4e,16.0
17bf83f7f82e5446ebe8937f4548c80e,16.0
c3d5b1410be4aa0913390bc3c51bf9bb,16.0
b0b245a662241de8fac7f0cce8619ae8,16.0
47f209bee492d39646959673b8de4767,16.0
2347a9a11e382f65cd7754470119bfb9,16.0
c127791328aa6748e75e4c288627f4e1,16.0
c9ffa6bcfa02fc1d9be67436b73b45f9,16.0
aa4556f61e3b01e1cbf6dcb818de1e6a,16.0
aa34f73a6e96ead203eeaa3c625b0797,15.0
5b045eb01d8ae49896a6019608325ffe,15.0
6b8e40a4197aad2f0eeef1e332adaecb,15.0
c8cfeb092f8d69689e3d7d83d1888526,15.0
76bfc50e7ee9b38ce2d6745d5141ad76,15.0
c08ab2d0c23a9ac790d5448742c99e26,15.0
400a2c567bbea43c0cc3950740bb154d,15.0
d2745ee3cd92c1a1bcc5c2c2ef89e388,15.0
b6726c07cada0933c74c2382466fce52,15.0
1ebe726a6b9b8bae772cabeae84701fa,15.0
ea9036a4d5317fb0ae7a49baeef2d607,15.0
90ef86d936fe0f34e83d3624b0c792fa,15.0
bece30072a6db8135e218b76c099c66e,15.0
f3bd2959d550b9877651a4e104ce9103,15.0
1bcff54c891ba78b4589dd151d60a384,15.0
428bd7da4a224c27c728cf8a48859200,15.0
68317146c35341a53e4151887521fb31,15.0
cd39b6999c1efa6e90a4ba3a9754fac5,15.0
40f9dd405919869fd57b5fb34cf83076,15.0
5c2ea934341ef5ee230e9b0d00cd784b,15.0
1f27f699292921c3ac11506e4e7032d4,15.0
15dd6d375572b6cbde6f5b515fb3c64e,15.0
36ab92ca39a5d0e15c35100136e26736,15.0
f651b8c60476610d80b0812978b95f8c,15.0
2ca9f95b10b71b8cc48a9ed00d7eb079,15.0
6b2fb1a535c76a129fd2bbb0e127a4da,15.0
cac507bde8c3a542e882a8d0000a7465,15.0
d492ff89759ff8507a552d037dba0516,15.0
6a24a6984bd00e23129bfb0a3cebea38,15.0
d0c17502c2a9cca78d0728d3fc99f897,15.0
01b28ae89050067d68f4d912d7542bc7,14.0
c9953eceaf8fef369a4dde8f5afc04fa,14.0
b610bf66ed758fb5c098ff709193acf3,14.0
1d5510b949a50b290a3baf6274cd9ce8,14.0
5a75e2152eae46f72a13e0afb1a28cc2,14.0
02b0cae1f94666f15062c71aef962a00,14.0
d1d26bf71422e62c0d15eb453259f02a,14.0
4c4b3e9d27f91ff9c2644e423bdcf07c,14.0
7f12712dea3b5bd260f7bddcba51c037,14.0
e5e70fb086bc014557a96ff03f952b16,14.0
d1122654f910feff8f31ddfd556399be,14.0
cbe7eb7fd52d1fe154d4394811e95385,14.0
7ee719ff567049922a7624d769cd4f11,14.0
62b3f2a1456cceeaec70f13cce0bf0f6,14.0
f99591a3ea0f2574289b56b5a9bffb9a,14.0
7aa039099192b46e60dcf0ef18a6ad0f,14.0
f5abc5de750931fa8d0333fa9f00eac7,14.0
1363c45838307cf6f4545416f52f4f3f,14.0
8f547e1736213fc14ca47916dac6d91c,14.0
0dc2d86a644f5f8b07725103d7045038,14.0
acef8164eda9dd94627b1112dba25c74,14.0
8c31309e3fedf4cb9b9b9816d0cf45c6,14.0
d45ecc48f3e19cdfe853cffa3d06e70d,14.0
734d0bf77c9201a0b607b3098c661e34,14.0
b875dcb67652688c393dfea2f5f29a82,14.0
ab548854ccec65142f0c32ba8d79634d,14.0
82d08c0df8cc5c58f38778bba91af15d,14.0
c214ebb4ebef969f8038c0447838ac86,14.0
ca34bb1ad08b068b16182b1b961b6ef3,13.0
e1ae36a4ec9728ea6e880ebe6db60a5d,13.0
c863715e04ad2b66d50bf05fe2e0c5db,13.0
e838d555f9873401783892c6df386b8c,13.0
a6c9d2899a11ecf9a6a334784069bbbc,13.0
d101c010308a1bc4b81af5041726a792,13.0
2345c64a29deca4e3b2c6041c5eb6008,13.0
28a55894fae903f5c33096a72b6bb776,13.0
11b190b272d8469a3936383f717ff9c1,13.0
1e7dd68c3b3ff12d755ed8822505afb5,13.0
c21c702ba382b8320c25668b0fc3a755,13.0
7ef9e46659de7ebb7e2d3346560a2ff0,13.0
319b7578239102181ccc65da96b2aac7,13.0
3e5b27a1e78d5072f9ed5839609e17f6,13.0
90c8b1fafd90f04d6364c7620d422945,13.0
c272c92d624e640c99d4898112c074e1,13.0
bd7fc541a2d4ab3784731d09f063f476,13.0
24c15e643bf32efe772a5a8fe5496324,13.0
ce191e0dce5bde3e9c32933e5e651c4c,13.0
f08b9dfc8c9ba4596078a88f72cfd2d2,13.0
dce422980c28d7d6893f780b48a7ee5b,13.0
a6325c96ec6b5abb4355b1af744f6887,13.0
5e54dce0736ca3d9efe8a5b1f096ef9e,13.0
f5f625cdd0982133c23fe3a866878680,13.0
9094a214fc65d0c65cd2bf2af610b710,13.0
d8c13b074b20f199ba2006ca76e01cbc,13.0
ca9e8fdc6f589b6b024f1bae46f90672,13.0
ab1afed2faeb58643d4b427f251a26dc,13.0
22750aa45964222a2fed3a16f158c8d3,12.0
efe61a456b2bb00d265d17ca9a87ef08,12.0
dcfc0ec7fa77309d6f64935d95ffb7f5,12.0
1a14dd88d632b10bbeab235766bb3654,12.0
b88f83ea1101003bfd6dbc99559b3095,12.0
cd4406f6eaa898d6daf301b7e7805e77,12.0
56786ea943cae91c6d51b5f5d8009b96,12.0
9cd6eabc0b61aad14a901fcf84940109,12.0
2cc696de9d37eebdfffc9d111ba29fcf,12.0
5bd4905227d177f8c70331e2ebab76a2,12.0
7a773fa27d563c38cbc866b6c46f67a0,12.0
e531353608002b34683a7325b44df077,12.0
4270b0b9d354bf408545785c3975f2de,12.0
ec6a4688add92de627b62549d18091f1,12.0
367300eaa735c2d06e5883c060a9462d,12.0
ccc80be940249409f4f9a445a863c43f,12.0
3542276d7c163bd11f0d2dab1a87b8bd,12.0
0c19f6b31bebea16cb998a316eea5965,12.0
cb49998176a0a73e341c17b5d33447c3,12.0
0210316907d3a29c66cd8bf23d71cfa4,12.0
b6204e6c76d31d500845a63e10166d07,12.0
55d57e29e991902a2c4a6762dea5cdb3,12.0
1316199744e057b6b237a7c04c102680,12.0
8d007a115f5ac0f6287d75ea47e1400f,12.0
5c4ff6fa02883edd513077889af5e66c,12.0
14271245a5cd389d332efff8d010ee0e,12.0
3fa8989a9294815ce0b8fa21cb0dfc69,12.0
7fa021872371738ff061060af4de74d9,12.0
07e4e2bf8de423d0c5e8f2870c194183,12.0
03eba21abca703216b958d622551d5ce,12.0
f4ab7882eeba6d24e414520224a835ec,12.0
aec393d52556dd817ec887fedadf37c4,12.0
566e31cdf3a55918908a89099eee65a3,12.0
03d6e8019ca5a36d96d179eff5833ec9,12.0
90645719ee73d04b83eadbaab4652148,12.0
656465ed212d5f7252e1a28fb3655d73,12.0
c48caf8eeb26ada590880757ab0e07e4,12.0
757f7e4c912d5c2c75a0f1d839850d9b,12.0
14f9d74634dff7b58aef8fcfa589e568,12.0
d68431ceb69e7321b0d9e28e882f86e8,12.0
d388a21198bf6d9e2c3de1ef74a5b38b,12.0
584d8ee67d7d5ab4993b3e2578b4b85b,12.0
8c69327ed5ef1c2c3c49130d3b66c299,12.0
5c2627a5fbec2dce5b4da8ce008a6138,12.0
d12db905f36fa1dc6f65bdcefda9c3a0,12.0
9a78f637876420decb62575026d1b422,12.0
233bc1eddf28fa858d783ff9fb319ae1,11.0
cb4bb81859af2a2156c03b1e85e40be5,11.0
c53774d1b436f5a812a36084df7574a1,11.0
07442a19b47c8122ff677cf850ff4757,11.0
4ef406d737429032be8c9280a007bd86,11.0
eacc182052f4320bcb6dbbc3ffcbf1dd,11.0
8ac11ce7648ce8de94de87e74075b77e,11.0
20148eed0f09755206cab53666618393,11.0
f7e75337c2baaabcd5c9cbfa83ce5ef1,11.0
1e67cb7bec9f308941443617634fddc1,11.0
341cf830b6371a0cbd31a9d6d93882f2,11.0
041c4c8c7600c20b846b6e1b1fee05a4,11.0
6e1825c16419ecd4f80d8e27bd0c259a,11.0
956a8e0f3f4c5e2392d3c0b0d9867ca4,11.0
b045370dbf03dccf74a929e317734f89,11.0
778757597f20fd90aabf1616b27aef32,11.0
baf897f3db20e78afc38e12ff8d69d74,11.0
380aeb9e6aa6eb8c81a5981142927cb9,11.0
dc8c5f2d89dc1b382f2d4fdb70ee8c78,11.0
1a7dc775b641857978f0e91c6fa66559,11.0
83e3d0c78a5c03a3c49b139c55e53342,11.0
8822a9b38baaccaf989a64435b0812f9,11.0
2fa8a4f343713b7dc7bb12368e182a49,11.0
cb253ce99d5d4deebd93fc709eee66f7,11.0
84ed932a65c1755d7890416f269995f4,11.0
6783e293d7c44fdd11d19c4a59501d47,11.0
b6480291e32be138e8cb01caae026dc2,11.0
9cf0c77198b17b052603ef2db16ff42b,10.0
45e3ab47842642e089dc3a3ed2594a83,10.0
865b5c2660c46d6226d8f1ea2c30016a,10.0
19a9e9b65e38b38eb36cb63148b9e1e0,10.0
4a89322e0139a0434b7af0cc1234575c,10.0
a49d32b66bf4953fb83f6191b5ca82c6,10.0
ce3c0653dcb80945ee4cf63382044b73,10.0
bb83c63e1368ee2ebe965b7a2ac84c96,10.0
f98911e7736b208da7a71472d907f9af,10.0
ea9a92f122d70ac508a4b9bd5c95e26e,10.0
55c848e4655d26e5578b820055f39b5a,10.0
c0085702e12da3c88fa6346cdbbec04f,10.0
a309c3199a9f8c137ec5d4fc26254f3b,10.0
ddae13adbf2fea39171846435ee566e3,10.0
09e03dc1cc43387c49fabfb8082fe21a,10.0
1c5ec0ef06caeb44753112d5d7a21b4d,10.0
4e7b3f042eb2f5bba906836fcacc2a53,10.0
e31052a13ac75a2a7a5c986b20cbdeb7,10.0
6ff061310801d667fd76d3569086395e,10.0
95d486c8ccb07b6ddeab4ccd20ba19e5,10.0
172514dcb781edf267c52b7c8a18d3dc,10.0
cee6c16761b4e2ab942c72df71f093dc,10.0
6710dba443b2fecf16420cd6861cef4e,10.0
56474d7816a8c6afc3d42f7c1344bee8,10.0
53a98b919178b81e6e40f2fe20bddb9c,10.0
7b4ea4bc14786e34f83bfd0ca49d4e16,10.0
15860760c18553568837812ca24bfa1a,10.0
81bce92c520fb524ac12c71afee88ae8,10.0
6aee201eb2295e702a330a871d0faf75,10.0
d68c7fb4586b2589a69baa3931e7aa43,10.0
412bf50577bb2a0957ead74ce8472843,10.0
4f66ed5193b3278c48afcd4f45b9e86f,10.0
d4ccf7b0baadec9c70a2001e4758f8ed,10.0
dcc487c8d08557a87bd87e89da2e1aee,10.0
eb97f5dd18b989adfd138ba455a3209c,10.0
75fbf47792738f0d1f080ce2c2711c76,10.0
6844a5d2fe3998102beccede06a3b79b,10.0
a1548e7289ac7c3358be07acb994d9bf,10.0
88605a31270c152e633398b726f5d395,10.0
6818c8c3e7feaf28861db27d9bd2b8d7,10.0
5c85687dd391c126e2f650c9c12695a4,10.0
15c9b5470bed6a8b6b5004aa2943a385,10.0
4147e0b76ef25b071d4d8541ef3ca6e4,10.0
ebd27d55905579f59a8cc928cce8db8c,10.0
2954ebc001a1b3ab4bc17070bf7046c9,9.0
2c3b845f24174e16cd655a9efa5c6dc9,9.0
1e311ed6a040f78e97b9adab763fc623,9.0
736f7f8ca8dd36ab8988b93a5560a15a,9.0
af562b1af69f32f1317e9257907efc11,9.0
449e5d00312d565c530554adf6300341,9.0
e7042b7f1f7483b3959fbb0fab94cde8,9.0
b776300b6f732dd2c0161e319cc3da99,9.0
f9d813dd66e44753999f7476d33a06e5,9.0
6c749566bd404ee5162fdb56b3eef4d8,9.0
a8eaacf60dbc8ab19ff6c0e4a01c397c,9.0
f9a08c3bfd73749df4e8d881540274cc,9.0
a9455947af23245540c66a0c32ca5251,9.0
f229f43de3a1e946b43d903e3d4ac59e,9.0
1c35d4e20ab7d57e09e8a7bbf9e73ae5,9.0
a2e246c08351ec93dd6d9b0ad8060a47,9.0
b8e7f37f023ccd55e9af6ad5e4f34193,9.0
911bf457045fef4ad67f44b99a46c945,9.0
f2d614b12d3dbe6d8c75b012eb397e40,9.0
a3473c8c7a96deaf0e9c4ab6e10d765f,9.0
68f1613078a8f3cd59d7b64798073d88,9.0
e436ac34bfe43f8bb3a4a6a157cd368e,9.0
2546a8d22954fdf9c69f1816407bbc99,9.0
85827487dc1ef44855ed1f98f467531b,9.0
08ed2588728274a50dbf0fbd55a8d162,9.0
3aa43d3292004f684c348df8d6994c98,9.0
fd085f8e528ae81c1a3f81aa33338415,9.0
b8e09ce42d67777c3840d800af773b9a,9.0
4acaf0ab92903ad2a86b1455ba53fc15,9.0
8fba2ed788af07ba58eeef2e850efe4d,9.0
2318dc97566d079c57a80dca347bd3a0,9.0
3722eea8794b0f00a44c00b25611a4b7,9.0
53410b7b11cac692dc0d79c8a58849fd,9.0
6c26397b40748b2d4452abc20d7b4d4d,9.0
e054022ac4bfe09046e7b0440ad341b4,9.0
4a6f1677a77941470e9fc67030bfc031,9.0
72d7c70f52923b2fc10695254e6f41f2,9.0
d5ca8a1e77bc545644706b32a3c295a5,9.0
fd226ef5eeb729475ed8c6b294d0e1f3,9.0
2ea4e396a9177279b1afad31043e69c4,9.0
74343374533ea51f8226c2c2e72bfc6b,9.0
ae84e7c918db34087e8c38bdeb0470d4,9.0
fc681c133b5f42c14fb457d09f2c7e8e,9.0
e596e30411258daf692636b42e2f4041,9.0
cfd780f6c6809920cacb5851cc95c7a2,9.0
8c7af1a2238cdd89bc3484bfe5d72f0c,9.0
c877a11b050ce9f92e138ff0c2b65e9d,9.0
38fe3e107e86dfd5a2f0822742f5e34c,9.0
6275914a4f91a31472d9a59958bfb543,8.0
0410469cc2a0ba22a7026174a4e2b87d,8.0
04fe1298f84ac77eef195de78ee92d59,8.0
c11a7bc630d8519238f29ed6fb4bf7f8,8.0
1eae1827d4402e1be12d1f7f1f1be18f,8.0
e533e4cd62417dd1481d523882f74cbc,8.0
49b920732d869dbc10f9529813393c11,8.0
2146568346815d86ec952f41a2fe88b9,8.0
66a16dedcf414120d9ec5ae56026562b,8.0
b37bb329a4297c46ff2fc2a224deb223,8.0
98ed99b40f956911d88767c6770e6f76,8.0
6b25316b0b95ab34c7b1a541b685bcbe,8.0
5af3f41b5d9e6d7a6fcda6c8d26d6744,8.0
beb3f73494f204ae85d215078fb89638,8.0
ef6808bba7adf0c223d4f2ae59a95e3e,8.0
5916fc0fa25cfe5e9c26bcb12e85a4ed,8.0
809b4436c39118f82de85365b891d5b5,8.0
f5539c5848c2c5aa2934d91e84b4f97a,8.0
ad04fc4bd455f2386aa97e484cb2f3a9,8.0
0acd63815ecb3dce33d37d580f2dedf3,8.0
746ad0ef90363828f798bad59e5fa536,8.0
12b0ec22a0a85b891f5f5d220df8a8a0,8.0
bc0be2ae6a834f1d7ae4961f2165d147,8.0
6f7e06b0ca4f2893df0700ef18b65822,8.0
02308c7e85e5829d71f50d1f42f54458,8.0
6a974ceb3e28e48deb28fb23871260a2,8.0
e7a8e59e8f6bb4c8eee11520d1399932,8.0
78304fff0923d4b433b218bc0ba6604d,8.0
33d42d17417392d9bb289ce91ed73a7b,8.0
953a6ac740b540890f0088f8e179b338,8.0
d6f6a3c49d5c956089ac78e0b23b26cf,8.0
bf7e21eacf39951f778c72fd4f9354fc,8.0
b8346278f318a7ae21bd584fb7aeb84b,8.0
c208c54e14a5d941118444d77d8c5ed0,8.0
39c7b490a9959da12b8ec360c3deea2c,8.0
7d516ffc683693c138088dad920327c6,8.0
c56c2f088f7bfc554358c8a94c89ac3b,8.0
f4b420e7f4bd260c9ece6b5a65edb9cc,8.0
55b4aa12bc1f3f01b6e04194c9fe881a,8.0
04e8666627558ba68f9eea03951a444b,8.0
ce36a42541098d15685442d0cb47c84d,8.0
9f5935eea72a2acd7a536838fec84de0,8.0
37ecc2214c984067d1e97fdb3646e9f5,8.0
f6600826259cc14fe9903723f658da5b,8.0
72049beef9e696df00a214a322a5c888,8.0
605af4c91a73ef3535bd477a7973f9e8,8.0
348a4e9b3fcd96c478b1f8f47dd30f21,8.0
57b5f1e6111973b58e2057f4f2969be2,7.0
300ed0dcea3552ccb89ad0211afd844f,7.0
26e9e07df69ca5a12d39f1ea9fcea9e2,7.0
31e4dee6c15b4460cee6d62118ff2396,7.0
0630b8923e65a505ec6aa4bf4a527fa0,7.0
af270113f05811059b0b692c30bc23b6,7.0
b63a35dccedda7cf9cc53a647405d987,7.0
dccfdc715cbe2812bce2906d07a7b6f3,7.0
a30ece9649c2aa14a97a575fefdc5d5c,7.0
3906139a06fb8dd08cdb8353cc1042ca,7.0
73f067451918d100e37117dfe48b0493,7.0
7f29a94d56c1756310687edccefb82f2,7.0
b4ead737c7e35655d4da595bee1343dc,7.0
f97d46a29db0660b9fa15b06a6c8d45f,7.0
be8bc3f3bd5aa5515aebf3ee9ed48096,7.0
cc885d6b905547a0f8f1b3dfa3722a17,7.0
211aff94162a3a16ece7ed7d7f636d92,7.0
d66385dbce4512104ef31eedc6fadc65,7.0
f904939de52f8b6dbbdbea7813957b35,7.0
114b60c34f40c7b3a09d6dffdf48b247,7.0
8cbbf22f9b70aeb6c336542a5797e779,7.0
40acf76c4fdd4ffd8678794fc7366a86,7.0
1944c35d6e0d40b67459de72662f1317,7.0
bfb396568990d70367b6ad89b763ebc1,7.0
85301a129fb6565db915603e26caf947,7.0
6f3eb9424f788663f2a5bb9830d0193c,7.0
f0301bf5e78fcb5d77df799d29f21e5e,7.0
1b0e3262113c7f5afc20458fcd55abdc,7.0
5f8ce151844ef4c092fd0f2ffcaee5f3,7.0
a967857ca1c46d31fcfe0d7274c2b975,7.0
0f987fb802e9c14bcb8e990d85a63169,7.0
4fb9e8f8a96ef20d79c488f5c6c71c80,7.0
9694e32f9bbc42aaa1bb334b0df78a91,7.0
16955f42c00dcdf01ff99d25c68c79ae,7.0
7f41f1a2c64101edebb446e0606ffbd2,7.0
98b76211877263d22d5fa40ac28bf093,7.0
d18f178700494cc86899ebc775b5782b,7.0
62ab43845c5c881835a5339de7b38177,7.0
17bfe34b9c0f9f2d76141a67c41a0a46,7.0
cf189408e333563f9464dcb82b85ae0d,7.0
c134fc1c55d75a22881b941e4f96858a,7.0
38f1e655d926542e1e55a5634e621644,7.0
d505ae7e1dc83806a5cc6d2b35938d1b,7.0
3667e1ab1182e63942910632650e8d12,7.0
6b002aeeb458d104e8accba20cb911a9,7.0
cdcd83f7f455fb958b58d6c9f680ada6,7.0
ec6b624079ae83e5ad5c857879c2688a,7.0
048a3f210f1d30ca34feea61ea78ccc1,7.0
defe7df4c6422b77b2b012e7bdce4101,7.0
f7ac7de47d3b53ecdf1e66a9ad6bbed6,7.0
5f0f938f38a234870f24bffe707aaebe,6.0
a3bc6dae85e5198d2adc29bded74750c,6.0
fd876d69d53f2d13872e1d2b493eaee9,6.0
c03219dcdcf5ec15cf56b22b6f24aa1a,6.0
5da8281ecf4744a72ce1b536c6243abd,6.0
0de4a9d5a12dbc6a7ccace3c25d63ecb,6.0
d3c24dc8d49094494fe0eb95b654985e,6.0
77871a43ac706716f28ee309344334af,6.0
1c75ea2df7211eca0efd33100931cff7,6.0
2f9275b99c75998095b3126471f5b6b3,6.0
d2f91e8af3978f50355b3b95d0ac6cce,6.0
6e9d65f4781a0397cfce6ea6958760f0,6.0
c001784ad7a1eab5cec16cfc4561d1fc,6.0
1616837b5e20a2239e59038a5664af18,6.0
61adb63eba61dc24b3b4417f922f8113,6.0
2bfe5dd7e7be296e9e5957ccad44b265,6.0
c6eaac189fbee5e5b47964f6353a8f75,6.0
136ad866f4428f1d4775d281d38795c6,6.0
6b25ec6dced968784dd25a74c5873d95,6.0
d323a0213434f5f430395ec84f26046e,6.0
adfc49739ed13da79507d579b8d60e5a,6.0
9b4b721dc4943363c5ab8455a627b48d,6.0
932cca7b4eb9c87dd668f2e6d2a78d01,6.0
aee87c864bc41d2f08804d5705073e78,6.0
29bb5fa7f45e47bbabab8cc1b1b3d18e,6.0
fae98c5f5abc2d9a5e3620bda07d2bc4,6.0
a3e834e212f9d629837c12186644a27e,6.0
a50eb85bc19c86b91cf443d79e179171,6.0
2f125873284186acb67c0b3621346c54,6.0
24527e4f347d196c82353dfa93cbc0e2,6.0
da80870e3fad7540cbd35ab990c151c2,6.0
79bb22d064617986843f1616be37c0b8,6.0
19071a49907ea3f39b4db579c921e248,6.0
5fd8f1223f765ca29d8bcfc6a91dcdc0,6.0
6c50ed26697c2d24b24566aa314d005e,6.0
2e85d3c2fb987d1bc23cc1495d2e997d,6.0
c5d7957b506640d71b3c25219fe486dd,6.0
2005d86174a3c815ba185973381041b5,6.0
e30e7375ff493c3e75ae6fe2ead6fa56,6.0
72010c59ca4e13c59964975b0807462c,6.0
aac34c297a3aa7ae240fa049259e8b3a,6.0
12ef9833d55931b886ebc1ffa7de1aa0,6.0
ced69db305884266596b94a7ce659734,6.0
015b629b357b528ddc54bbd1060b68d0,6.0
2088540fcad9244777b70119e6e6975b,6.0
3fccbc8ad4eaf48e4e7c256d0d9fd15f,6.0
a683fb7dffba91e137981614486201ef,6.0
750cd39cbb9ff8fad085b1625620ef22,6.0
0610d7ad6ac9b025c29064e0db7a2681,6.0
a3885ca3fdc06bd69fa55aa08f8f60e6,6.0
b9366b5cc35da1ed61a1767b1a2ba3a9,6.0
e02c20c1bad2c53f0641dabbd6b1279e,5.0
ae72de3e15ce1d4a35330ec0fece8adf,5.0
90501fee5b60bc71bb30886558d9e71e,5.0
0e24351ea40bc8fbd0ba8e59f3780b36,5.0
894e1bdba13163994aa99449315e2591,5.0
e2ed2e3b693f4472fbbbd61ce1f32edb,5.0
8c9f655e5800e0596a7ce0667ae660d5,5.0
9e736140352ae88e7c51f02139499dbd,5.0
c3075535715a72c06e13c9c6a6ac5d2d,5.0
0ef1c6e0a38e5ff10f41d3bbaf744814,5.0
ca9e0a0411fb3b136c6b14588745caf0,5.0
b2e9492d932197fe5d3f5e01cb91d788,5.0
f800d61bf97228f47bbcfd611a880050,5.0
4b954148120e907be2ae08c1ad9bc2c4,5.0
522126e3ad9009f0b98148cf8a0707a9,5.0
b9037e7eb5873f6a772a4db9a944c5c4,5.0
13d5a70e9e6e48587d919be37f760175,5.0
c93b59c5c8a0c6ce3b661a4a7dde302b,5.0
f866ba7696d0766a9f4a1a96f9c3ae5b,5.0
3305fbb0e3ee27f74419b89de03ca950,5.0
a810aebe9cf252207ea97a1244908b06,5.0
ab0c2e0e0dcafed0d520392bc83a65e7,5.0
36e5d572d5df44edc07d49879c13a7bd,5.0
58ae913cdf96b9c0730563a210530371,5.0
9b7b69329280b15014c06bc6c1f0eb3d,5.0
73d246ff2c0c0b2a7eae37fd3610e838,5.0
1032042106b01c227cba93ff01f071cc,5.0
1b1c6a284b0826582a86510cf8520ccb,5.0
4d7d61ebbe25a9b92c93e884254c46bd,5.0
feea77f4b898e4958eed4b0eb7cc2277,5.0
15919a992eadbdbcc3060791944d4403,5.0
a583e039ee1dd37d87d29f53564cb978,5.0
9e9d7dbdca36d3395c9927a563727710,5.0
9fcc5753ac4f7d4f54220b3ef4dcbfdf,5.0
af71e05be213f1375af0af14f781ffa4,5.0
4b6cffeefe30d6d95a0c6a65dab57f18,5.0
5a16c7853ddff0b23e411ac572f76a2b,5.0
e435560ee77c6442a9255f16e0d2d8de,5.0
1ae220316894f50b3d76fbbbe479bacd,5.0
402bf921d2b718ba005bc96dd90af792,5.0
1e176c947c34f46454f08e9929b3796a,5.0
24533cbbaf872aec57403355a6d0f55f,5.0
a7a0554c7281c5009f57bde364ebb80f,5.0
4e42627975fb192c7bb6dfcffd94275f,5.0
fbb2f1ab601c42a151c4f4b6e606bb34,5.0
3a306620cb3b3350f296588b574f67fd,5.0
92ce30c0ae55604873989b9ec662c570,5.0
e75c98169f0cd1262f1735ffd3e1fc45,5.0
043645df7a7bb7c5d30bcb9b97d9aa45,5.0
7c13e256750ba0fbb120c001c8e856b6,5.0
f9cc95f02506240b2f9e964f8e49f182,5.0
a6aa0d7081702f434c291014dfe0779f,5.0
e329b28c942a25cb59562cf58806fcc0,5.0
31fe7997ddfef193110db377890f9520,5.0
a01ba1072158c3f1b7733458531300a2,5.0
2eec3d59e01553808ca72ebe1ccc7b6f,5.0
cb0232c18a470e4df54c2613c7781581,5.0
84fc5eeb562e66dccde89d1972ff7ff9,5.0
6eff071918b44d231a49bfbbd0f5122f,5.0
d5f97968e1d9f5e88f5d9fda9482ec7d,5.0
16b641b1b01aa143e144c8839bfd497a,5.0
cd9e95b2019aaccfae1e2e0a78d1d78b,4.0
edbd019367a7883252b9e8f436e9765c,4.0
d96d379774fbd7de62b196ef813a2950,4.0
b0aa1f37de8280224ab85fc0b96f50ec,4.0
d9fe760cd98bcd2389103e485866b0ce,4.0
384c5c8166db2913ad95b1bdbc5023e6,4.0
32382c06739b106a1567992dabc06664,4.0
8e9e003c7aed07fe1db8c8882077a744,4.0
fb20fad144abebb4159be7b2bb41b37f,4.0
89b6dede05c566f917456ae45500dfd2,4.0
19b21c4d8afc36ee1d7c0cc1de3baf67,4.0
087a518988e42f398032898bbe24e3ad,4.0
acf90cb3375836b008a099d9f11d0454,4.0
9af7d91f7147c4f15977c9648b9dd3ac,4.0
5d54db826b0001ae62eaa81311f0cbf9,4.0
c1e9f8d5209d6f258584e9f0287e847a,4.0
4a9a25e448366a7097fc7af585190090,4.0
56cf563791834b9865d3b583a24156c1,4.0
d5a45328fadba15f48ba6ef97441be6b,4.0
ae38151b6c2a3dd181c48a092d910baa,4.0
3902932a9b63c268892e05baa9a6771d,4.0
0eef2695662622eb41e2a242e370f6cc,4.0
657fdbd75bedd122c78ee74921467b2f,4.0
f51fb42470b216511b234848341e563a,4.0
e0314bbfd2922a5c4dcd1e9015984e7c,4.0
bce109463575f36b83c50269efedc04d,4.0
22d5f32059c19f37cb61e50f1f7b8fb2,4.0
4324c4325efa96fbd39c48f480e3a837,4.0
16e0ea55872633a9af1febc5dab38ebd,4.0
3bb8d007d0629dbf73563974a8b61bcd,4.0
a372d000d16286dfa156d6147cff813e,4.0
2ea79eaaa0b23b2a7d2cf470cbaf72ea,4.0
7350e66de06d76f4a2e25621590e7a20,4.0
2a737b72bbd8344adce7aa04a02b7cce,4.0
000e587d9defb62e2ac08fa0e4d8da8e,4.0
9f5c0df5c822b3f3e6a799d217096514,4.0
c93f8c2f64845c210ebcf5a9c25275c8,4.0
cfa3ed8611097ba174c7192ec38034c7,4.0
bd1504d4f271d086406eb5a32be520d6,4.0
534f89154f8ccb3dfd63dcc0604a0b02,4.0
2a56069b41e51e0826e82f1dbd27ece6,4.0
dc86dee3ba80531952d280fe1da12e18,4.0
6d47a069d9d06bcd4b90aa66943cd1c4,4.0
ff6e17334b51529e7b040888ebf95322,4.0
16231c468fdfef997914d5a3592b60b2,4.0
6c6f3373af1944fcb0035ac5663c17f6,4.0
7a4cecb03450842e5b573c9693cc20c3,4.0
cb2b9cee2e4e766d86b6f2b3c01d399c,4.0
d39052eeb103e55c60757ec3bd12031f,4.0
2f2bef36cf02b755c8acdfa726804d39,4.0
e722d8dc7541c3124c4cb257aeb21d9d,4.0
8a7c3c4791ab363e11a50b49f4848d3e,4.0
313b8ccb6d04fab930c45aaa70de273e,4.0
9fbd5e3e802f12b1af6d53a46411aefd,4.0
d3db4cfb9f3a8702aa4dbec66d3a167c,4.0
4a431440b1277f11cdc1d12f3b878cd3,4.0
e9db7fc23b55688432749c6271ee0e52,4.0
184e8c1b1971016ebb325184df9cb69e,4.0
adc4669e182a33b64c77b657b9d5e1cb,4.0
3b7b67b9dd81308e86de4fc22154b7f1,4.0
b2fc1b3584ba0ffcc8f8225d18009664,4.0
da8e7c108424e218a4404d678c44d1fa,3.0
c1f8806796bcd13dddf5b1816d5b8238,3.0
3fe8c38fca7ae71e848577aa9b873895,3.0
86a1b30e21fa3713cd9e3d43e5fa7364,3.0
bf74688b4e8a2a9f20600a138c4703fc,3.0
4fd707f93485a65ab14bfcff0205357f,3.0
a496e6a231de49f58a4219ee20bc7c1f,3.0
3e8e80a678d93fd9c334514710948c61,3.0
17eb132ba6fff910d82bbbfddb78e35c,3.0
9c4e5eacc2a90da0ef7dd18dcd55db28,3.0
d0d19d7f3c4428bef1585ef2dd8d4914,3.0
ff816277875e7a4bc91fc6edb5572858,3.0
a0d9c2c5ac96fd64b93b4f791a1cc31f,3.0
131f8b969b3ee3ea32ffc3644ee7352e,3.0
2fd1b0b379724c007d9b61348641b5af,3.0
60c74d94a268af0b4bf1f69938935974,3.0
0a326557dd5acc87bfa3ea8b7cbfdf4d,3.0
09365f00870f8e86a6a79b153b0049ea,3.0
6a96de4be6bbdb0526179a842ee6589f,3.0
6f269db8dab62e7d6e4f27c1e1af67a9,3.0
b7783a72b093eefcf74bf5da3d824c3e,3.0
2d129ff2f0277bef24d902985bd8ae5c,3.0
b1e6b54ff3147c0c1b1d3f608c31a0ec,3.0
911b8b0135c7862f3eb66c8efea324fd,3.0
a83ecb92c470b40d1ff4832f891718ce,3.0
16adf49878d009d108b701d570458721,3.0
f7022830f789e5010a1b18eefced3144,3.0
d6ded6deb11a149774fd4749008a594b,3.0
39133b596cde5f4ae5647704de729009,3.0
b018e5f7a8c2eaaf83188f811db17143,3.0
95f3a09029f1d83f4a4a67639aeb925e,3.0
3fb1758385ba368651342e3c1e51c1b5,3.0
1e882a4ca0631b000ff01dc0538a7530,3.0
635707970b6fddc26bb738828204a6e1,3.0
3aa63726208774032181d51e33de57b3,3.0
bf9dc2400cfef988fd3ff83b00f02b05,3.0
743273aa777e19cdd6d676d81a061043,3.0
0b10126062bf3dc21820841dd5a46619,3.0
c9563621ba87f3e8f55eab0e024b9ee8,3.0
99e1636993aca1b599e950438f90d174,3.0
c8f89291fc1d277ef7e660f7ff3ebb76,3.0
4c89449defccff6a4574a77828af6468,3.0
9f255851e7c6426ffbe634849b2b9209,3.0
3bcae5114994b47a4e7ab45eedb663d9,3.0
03d5d798eca6dca570b4e613323f5443,3.0
5f06ac95d03c7f1ef52e22528aeae15c,3.0
1a57568b76b07521ad29d380ce76912d,3.0
f91110ff828f89629ccd4fa8eacd9632,3.0
e9823be06ee823f885d7e945744c6484,3.0
6eff98ec02bb5a23499abee6f876a749,3.0
4658478437b3b148ea594296f68651fb,3.0
869fb5afa4e395684c9bcce9fa395c9c,3.0
1936997ca12dbc87ca58cd0177929dc3,3.0
4282b7ea6bd88819e6a5e7df47a0cfba,3.0
d16a2fdc9d4acdb87d98632a4b786061,3.0
4f48fcfabbe0566cc4ea72d21ffb1ac2,3.0
0b29c30a2c112ba0c80966e1f4652f4f,3.0
d77ef6734cf1522673af5bbce0a465bb,3.0
125ca307e1ae7f49ff6081f744f981c3,3.0
73b2bd22479ad8a541bde4ef2e60f1ca,3.0
af28dd128f68643f89048f537715374a,3.0
8800978e7ee636aab1dc8f9aab3b5355,3.0
6766ad790e9d9a40e7e24cd5147f69d9,3.0
3395867199a976ceeb77aa824aa2e860,3.0
43557d13b7322e3bd81e217b208c2003,3.0
1f8690c8ba836e0b5dc6d938dd04ac9a,3.0
32f7074c00c3650f63bf52d98d39ac0b,3.0
2dea6490d78f7d88dc95aba38e53e56f,3.0
4eeb458523190bd84965b0b4d4433a6a,3.0
5a6f00170c9270a9cadbd181f22d4e94,3.0
9662e67ce2e2ec7240e515abdca05b8e,3.0
65480cbc30ebd5fb01eb501d047a25ac,3.0
6c220fb644f4a286f8f8436165d32789,3.0
577c75c7c4a7cd8124be83e18bb916d9,3.0
ad0813cfffd0d5eebd754b6cd0a87e19,3.0
8b623c01fde17810a2805eaf6d7c7d75,3.0
64e2a04d61cc17c60ea42f190e9fb6db,3.0
b1cefc05da13f8cf48b94f2c42fbb354,3.0
33588b03bc725dd3a9f3a120f461e201,3.0
f5dd89e47472825fbc71712eb3c338e2,2.0
0a5c6d25a691d27c98df817477f741c4,2.0
6441d808425a8cea3d04c5312250748b,2.0
e626464e163f2c7d957b4cb42bbc38aa,2.0
96b0676d9191b7ee988dcbc39917f5f6,2.0
0ed7aaf9087fe497ab6ce0eaa52e823f,2.0
f59c5360e5f965e3232f8202870d97d6,2.0
98a377c60f8e43ad7c82e978bfa72cbd,2.0
1746b2f93286a26295235d72c82d4ae2,2.0
5ec686b48b95f176406248da00501d7f,2.0
6933ba53c2e2b48f5d8ed41407254ef4,2.0
0cf49b654b96e4512d9fafa4f0733541,2.0
d1eca027995a2ae26fea053392ff9c5a,2.0
86cfcd0ef5434d05030bc9204da44e70,2.0
157af9d795c9e446b0c07b2b092635f5,2.0
57b750ea1223e98c52ced4add31173d4,2.0
cf3e906c05c382d40c8517b1607b8164,2.0
71949b179d0806d5c2570aa4c0b6d934,2.0
15ad24098f2533567d79b4cdb14be291,2.0
97d4bda9cbaf5d9ef865f8e6c4966030,2.0
4acadaa53d6575944e0af2b46bc3c78b,2.0
54b1fa1a9a0fc3dd52f4008984c14981,2.0
3c3ecf73680f189e446283575d9f8273,2.0
3942474a30b175dcacf8e82511fc713f,2.0
a8c2d1c9dd28aa7106ab35b3854ea95d,2.0
25e1589f9b5fc4d9a2b9f304600eda46,2.0
fc894cd8593db35f257559eed9062ac5,2.0
b6bafb918bcef2857412e1759e409265,2.0
7988bb86a1f252cb7f96ae018b60d3ac,2.0
7efd55962b9fc5cff650e260775f4ada,2.0
b9b6a6d95ad94744b32f327c7d371b20,2.0
861b036e41c1e47920635b2a824a603d,2.0
ac43c8a77342a1139241b00ace25df6f,2.0
c97d235c20aa8997a362b25ed27571e8,2.0
46d79cd6dfd05044e362437816ae68c6,2.0
64eda9399cbd0dd6115f903b22405edd,2.0
1e9cd75f56255cd62b34512bf98de6c8,2.0
d9def859fc8fb594ff0877ef6083579c,2.0
79dd199e02f316e195e294ef7f40d722,2.0
03591339cfc59c86e4729e9444ca946b,2.0
a7b666d10291c97bb65a0f0a2201b614,2.0
b8510cea308d23178102cee49e071e5b,2.0
327aa9173f38aa7c80672a2600ea940d,2.0
af2e5388f837cb6e95a8b20494fb26cf,2.0
de1e34c0ea24e8bd6a9955e095d7a343,2.0
08a1598eb1ea4dca23db1135552cd5a7,2.0
1b77a17b5e980a8ff4e6d78667f54450,2.0
76193ef3fe677c0c5bb1848f556e325d,2.0
5cae8aa457ef806df6fcf1ea6af078d1,2.0
0feef544f6a9778cdc89b2b77306232e,2.0
a005a2a1056fb8a3d0bc3853ee9ec77b,2.0
883d9778e3831f58fd21ba8bd55fb523,2.0
780347c8bcebe0870809861e46d6f5ee,2.0
75bedb5bf8fc0219def40039408d38e6,2.0
f9a738c0aa2ef1d12149f4508382a8bb,2.0
67fbec94d0b8a4976e396dc132a68390,2.0
aee6590d53f8f129e911afe152fb4f2e,2.0
69bb8dadc93f42e5d25de9312bf9a57f,2.0
e51d9107b437a6090d2228c5206e4d5e,2.0
cd85d1d7526d29fec86401ad2697ec72,2.0
17c2a15924ddbc7e0f6bb11f660fa58c,2.0
6310e2d4c1ea265c0c95dd75f3b65709,2.0
fcd0034e5431093644da41edde84cdda,2.0
0ef6f14d4d5344787bc6639b252627dd,2.0
750040dab4dc22b8839078539391f4b9,2.0
ee6bea5555f7f39441a1b2d1b54814bd,2.0
902c0f4ed492a87981c185537fc5c63b,2.0
78304f7a973bd15ea6049e8688502eeb,2.0
4dd73f02ba5051c6934248d9e8d8aac7,2.0
c8a7c39047d0921ce00902339d6ff943,1.0
cc30fd4eb848ccc34ff16d2c808ac182,1.0
81e7245e8f817b90a456145f39532b8f,1.0
8b8d4b8153da0988474ccc5b6383f6b8,1.0
f4758af94d29863c28231d293e279793,1.0
4edcd06f251ae69b7c1930f5d78a5a23,1.0
2a943cf30872418ab6227d339db63fa5,1.0
0b131a51b054c5de43efb92a17a75da4,1.0
d18c0a1e38f682c71e0cf110f1a9012a,1.0
b2f3b32f0c37105bca3b569f1f2d2efb,1.0
2ef158328332c8a87c605e9cf391b0c9,1.0
cc4a6c40ab47d551f2e74a2a9e8d5ceb,1.0
